Sentimen	Comment
1	ya allah ceramah nya penuh arti dn semua yg d bicarakn tentang ke hidupan orang yg rendah hati.subhanaallah senang hati menjadi tenang.semoga sehat sehat terus
1	Alhamdulillah,semoga ustatd dan keluarga ,selalu sehat,panjang umur, dan selalu dalam lindungan Allah,aamiin aamiin aamiin ya,robbal'alamiin
1	Yaa Allah jagalah UAS, sehatkan badannya dan panjangkan lah umurnya
1	Iman unlimited, iman amal saleh unlimited, jaga lisan, baca alquran, jangan zalim, Islam, ibadah gigih, amal, akhlak mulia, adab, tuhan Allah swt malaikat
0	Massayallah .
1	Alhamdulillah Semoga Ustaz Abd. Somad sehat dan sukses selalu dalam menyiarkan Agama Islam serta tetap dalam Lindungan Allah SWT. Aamiin
1	Terima ksh pak ustad yg telah menyadarkan kami para umatNYA untuk mengerti pentingnya sholat,smoga pak ustad sht selalu,Amin,
1	Alhamdulillah ,subhaanalloh Smg ceramah trs menjadikan yg terbaik bg jemaahnya aamiin salut dan sll mengikuti taoziahnya
1	Amiiin,ya Allah ya robal alamiin, mudah"an UAS di beri kesehatan,dan terus menyebarkan tausiyah,syariat"islam,dan do,ain keluarga saya ustadz,biar seiman,seagama,dan kelak keluarga kami di ambil,dalam keadaaan khusnul khatimah, amiiin
1	Semoga ALLAH selalu melindungi ustad dan selalu sehat dan di beri rezeki yg melimpah. AMIN
0	Assalamualaikum ustadz Abdul Somad.
1	Masya Allah.. Semoga negri ini semakin byk melahirkan Ulama seperti UAS.. Beliau begitu cerdas.Semoga Allah SWT selalu melindungi beliau dlm menjalankan dakwahnya dimanapun.. Aamiin
1	Masya Allah bisa dalam mendengar ceramah UAS bercampur aduk perasaan senang sedih happy ..geram..semuanya lah kdg sampai 3 / 4 kali sehari semoga Istiqomah dan bisa mengambil ikhtibar..khoirunnas anfauhum linnas Ã¢â‚¬â„¢Ã‚Â
1	Alhamdulillah,tenang dengar ceramah UAS,,,semoga ustad panjang umur.
1	Adem banget rasanya ya Allah...smg uas dan kel sll sehat dan panjang Umur
1	Semoga pk ustazd diberikan kesehatan dan umur yg panjang Aamiin...
1	Aamiin yaa. Roob...Smg UAS slalu sehatWalafiat dan dlm Lindungn Alloh swt.. Aamiin yra....
1	Assalamualaikum ustadz Abdul Somad..semoga senantiasa dlm lindungan Allah AZZA WaJalla, dan ALLAH ttp kan hati kt umat Islam dlm iman dan Islam Nya sampai akhir hayat, Aamiin ya Robbal Alamin Ã‚Â¸Ã‚Â
1	Semoga Ustadz panjang umur, supaya bisa terus menuntun umatÃ‚Â
0	Semoga Allah Ta'ala selalu melindungi beliau didunia dan akhirat
1	Alhamdulillah nambah ilmu dr tuan guru Abdul Somad
0	Ya allah lindungilah para ulama & alim ulama di nkri ini
1	Alhamdulillahirrobbilalamin Semakin Sering MENGIKUTI pengajian dan semakin mengerti TRIMAKASIH TUAN GURU UAS ATAS TAUSIYAH nya.
1	Masyah allah tabarakallah terima kasih ilmunya pak ustadz..
1	Assalamu'alaikum.. barokallah ustadz, semoga beliau selalu dalam lindungan Allah SWT.. aamiin yaa robbal'aalamiin.
1	Alhamdulillah bisa dengar ceramah ustadz lagi
1	tuan guru UAS, Sy dari 2017 sering nonton ceramah Tuan guru UAS, semoga sehat selalu tuan guru
1	Saya lagi bersedih dengar ceramahnya ustad jd ketawa g jadi sedih, Alhamdulillah semoga sehat selalu tuan guru UASÃ‚Â
1	Tambah suka dengan kajian UAS, terasa semakin dalam kajian nya
1	Amiin ya Rabbal Alamien. Semoga pak ustad sehat walafiyad dan tetap akan mengajar kami yg blum tau tetang banyak ibadah. Amiin
0	Sehat dan panjang umur buat ustad Abdul somat..bersama kru dan hamba sahaya...Aamiin
0	Asalamualaikum semoga tuan guru UAS juga kluarganya selalu dalam lindungan allah SWT
0	Alhamdulillah... sihat selalu ustadh my idol
1	Alhamdulillah, sangat bermanfaat, semoga kita semua dalam keadaan sehat selalu
0	Ya,Allah lindungilah UAS selalu
0	Semoga Ustadz selalu dalam lindungan Allah SWT, dan senantiasa di berikan kesehatan. Aamiin ya Mujiib
1	Masya alloh tabarokaloh seumoga sht seulalu bapak ustdz Abdul Somad dn tsusyahnya yg beurmanpa,at tuk jama,ah seukitarnya bisa istikomahmeungmlkn nya
1	Semoga ustadz selalu diberikan kesehatan dan panjang umur yg berkah untuk terus menyiarkan agama Allah dan ajaran Rasulullah bagi umat..Aamiin..
0	Assalamualaikum war wab.Alhamdulillah Tabarokallah..smoga UAS tetap sehat selalu dan diberi kemudahan dlm segala aktifitas kebaikannya.Aamiin Ya Allah..
0	Semoga UAS kami sentiasa di bwah lindungannya Allah taala aamii.n
0	Subhanallah walhamdulillah walailahaillalah allahuakbar semoga UAS sekeluwarga dan kita semua dalam lindungan allah subha nahuwatakala jauh dari mara bahaya amiiiiin amiiiiin amiiiiin iarabbal alamiiiiiinnn Riyadh saudi Arabia hadir lombok utara hadir juga..
0	Sehat selalu Tuan UAS ,semoga berkah ilmunya usianya & keluarga nya
0	Ya Allah pertemukan lah ibu saya dan keluarga saya dengan guru ustadz abdul somad aamiin... Mak saya fans berat ustad Ã¢â‚¬ËœÃ‚Â
1	Subhanalloh walhamdulillah walaailahaillalloh wallohuakbar..bersyukur sekali bisa dengan tenang ,happy dengar ceramah UAS.. semoga bisa kita ambil manfaat dan pelajaran Ã¢â‚¬â„¢Ã‚Â
0	Asslamualaikum. Masya Allah Tabarakallah
0	Mg Tuanguru sehat wal'afiat,panjamg umur dan slalu dalam lindungan Allah Swt Aamiin
1	Mantul ceramahnya pak ustad Shomat,semoga ustad sehat dan sukses selalu,aamiin
1	Masa allah,,,,,,, tabarakallah,,,,, semoga ucapan ustat yang baik' terkabul semuanya,,,,,, amiiiiin
0	Semoga Allah menjaga ustadz Abdul Somad
0	Mudah2an UAS dan seluruh umat islam didunia ada dalam lindungan Allah swt.
0	Assalamualaikum wr wb
0	Alhamdulillah Tabarokallah pak Ustadz semoga sehat selalu dan panjang umur ...Aamiin
0	Semoga tuan guru Ustd Abdl Somad tetap istiqomah dan sllalu dlm bimbingan Allah SWT..Aamiiinn
1	Semoga sehat sellu tuan guru uas,alhmdllh,senang mndgr ceramahx
0	Assalammualaikum ustaz semoga Allah SWT permudahkan segala urusan rezeki Aamiin
0	Masyaalloh ! Semoga terjaga punya hati rendah hati
1	Assalamualaikum wbt semoga guru ustaz uas dalam keadaan sehat dalam keadaan Husnul Khotimah amin, semuga bermanfaat, pamekasan ikut
1	Asaalamualikum pa ustad.. Alhamdulillah saya bnyak bljar pa ustadÃ‚Â¸Ã‚Â moga pa ustad sllu dlm lindungan Allah SWT amiin Allah huma amiin ya rob.,
0	Mudah2an UAS dan seluruh umat islam didunia ada dalam lindungan Allah swt.
0	Assalamualaikum wr wb
1	Alhamdulillah sehat selalu tuan guru Abdul somad Aamiin seneng banget mendengar ceramah nya
1	Alhamdulillah ustadz...ilmu ny semoga membawa berkah bagi kita semua....aamiiin
0	Semoga UAS selalu dalam lindungan Allah SWT.
1	Alhamdulilah,, y alloh, semoga kyi hj abdul somad selalu diberkati alloh dandipanjangkan umurnya, dan ber dakwah, semoga bermanfaat bagi kita semua,,amiin 3 yrob ngalamin,,
0	Semoga ustaz kita ini senantiasa di panjang kan umur nya, di murah kan rizkinya... Amin...!
0	Alhamdulillah saya berhadir di lokasi tersebut
0	Shat slalu Tuan guru
0	Assalamu'alaikum Lampung Hadir Ustadz Semoga Kita Selalu Dalam lindungan Allah SWT Aamiin yra
1	Alhmdllh semoga pak ustadz selalu Salam lindungan alloh dan selalu menyiarkan kebenaran islam yg sesungguhnya,, aamiin
0	Semoga ustas Somat selalu dlm lindungan Allah SWT amin
0	Yaa Allah ..rendahkanlah hati Zahra Adam. Jadikanlah anak" hamba anak" yg Sholeh. ...Aamiin ..yaa Allah ...
1	Assalamualaikum,terima kasih ustadz besar,semoga engkau beserta keluarga selalu di berikan keberkahan.....amin
1	Semoga syech Prof.DR.H Abdul Somad LC ,MA ,DESA ,PhD sehat selalu ,murah rezeki ,selalu dalam lindungan Allah SWT dan yang terpenting tetap tawadhuk. Aamiin
1	Assalamualaikum wr wb ustadzÃ‚Â.sehat sllu ustadz sy sngt senang dengar crmh ustadz, teruslah berdakwah,krna kta tkkn prnh berhenti utk belajar,
0	MasyaAllah Makasih Ustadz Abdul Somad
0	Smg ust Abd Shomad sll di lindungi Alloh swt amin
0	semoga uas sekeluarga sehat selalu dan ilmunya bermanfaat utk umat Aamiin
0	Alhamdulillah ust.
0	MaasyaAllaah, senantiasa dalam lindungan Allah SWT Ustadz, terima kasih atas 'ilmunya
0	hadir tuan guru, masya Allah
1	selalu adem hati ini mendengar ceramah ustadz Abdul Somad. semoga sehat selalu
1	MasyaAllah Makasih Ustadz Abdul Somad
0	Alhamdulillah nyimak, semoga pak UAS sehat wal'afiat
0	wa alaikum salam.karawang hadir
1	semoga UAS sehat selalu panjang umur murah rizki dan berkah. aamin.
1	Alhamdulilah ya Allah semoga sukses terus dan diberi kshtan biar sy lbh rajin dan mengamalkan sy syukuri dgn mendengarkan ceramah pak ustad sy lbh semangat untuk ke jln Allah SWT Amin ya rabbal alamin
1	Semoga ustadz abdul somad selalu dalam lindungan ALLAH SWT dimanapun beliau berada Aamiinn Yaa Robbal Alamiinn
1	alhamdulilah hatiku tenang denger ceramah ustat
1	Alhamdulillah trma ksh ustadz hri2 sy dgr crmhx hti rasa adem
0	Smg UAS dan klrg bsr beserta team management slalu dlm sehat wal afiat, dan slalu dlmkeselamatan... BarokAllohu
0	Ya Allah lindungilah ulama2 kami yang Istiqomah amiiin3 yarobbal alamin
0	Semoga Allah selalu memberikan kesehatan pada ust
0	ya Allah
0	Alhamdulillah semoga pak ustat
1	Semoga UAS.selalu dlm lindungan Alloh SWT Aamiin
1	Alhamdulillah,Allahumma soli ala muhammmad,wa ala ali muhammad ,senantiasa berkah umurnya ustadz,kami mermerlukan ilmu ilmu ulama,ilmu yg bermanfaat
1	Alhamdulillah ...allah swt suka kepada hambanya yg senantisa merendahkan dirinya kepada allah swt..tangrang hadir menyimak kajian tuan guru,,,,..
0	Asalamualaikum wr wb UAS...taiwan slalu hadir semoga UAS slalu d lindungi Alloh SWT...
1	subhannallah, suatu hidayah kepada kita semua yg d sampaikan ustad Abdul Somad, dan semoga amal ibadah kita semua di terima sisi allah swt amin
0	Subohanallah.... Sehat selalu Ustadz Abd. Somad. Aamiin ya robb.
0	Allohu Akbar... Semoga ustad somad beserta kelurga selalu diberi kesehatan dan umur. Panjang yg beriman... Amiiinn...
1	Alhamdulillah pak UAS .sungguh menggugah kolbuku mendengar tausiah pak UAS.mksh ya alloh mudah 2an alloh memberkahi kita semua .amin ya robbal alamin.
1	Assalamualaikum wbt semoga ustaz uas sehat selalu dan bahagia dunia akhirat Amin
0	Assallamuallaikum Tuan Guru semoga selalu ada dlm lindunganNya Aamiin
1	Bahasanya lantang dan jelas sangat menyentuh hati.
0	Ya allah berikanlah kpd kami ke istiqomahan dalam menjalankan segala perintahmu
0	Assalamu'alaikum ustadz semoga Allah Subhanahu wata'alla melindungi dan Menjaga ustadz dan melimpah kan karunia nya kepada ustadz serta keluarga aamiin allahuma aamiin
0	Semoga Allah membuka hijab kita Aamiin dan semoga uas sehat selalu di panjang kan umur Aamiin
0	Subhanalloh tabarokalloh masyaalloh sukses selalu amin amin allohumma amin kiyayi kita yang selalu di rahmati Alloh SWT... Alloh Akbar
1	Ya Allah.....kapan lah ....aku bisa bertemu langsung dngn UAS.dakwah beliau selalu menyentuh batin dan mencerahkan jalan fikiran ku.aku dan keluargaku rindu....SKL dndn UAS.
1	YAALLAH YA ROB AKU MENANGIS DENGAR CERAMAH PAK UAS, SAYA KERJA DITAIWAN.
0	Smg para ulama yg lurus dlm lindungan Allah amin ya rabb...
1	Tuan guru Ku.. ilmu mu sangat bermanfaat bagi umat..
0	Yaa Allah....rendahkanlah hati hamba beserta anak" hamba kelurga hamba hamba mohon keamounan mu yaraabb ..
0	Semoga sehat selalu UAS Abdul Somad
1	Sy sering mendengar ceramah UAS, banyak ilmu yg sy perolehi, penjelasan yg sangat jelas dan mudah di fahami. Semuga. Allah sentiasa memberi perlindungan pada UAS dan keluarga serta pembantu2. Aamiiiin
0	Bismilah
1	sejuk hatiku klo udh dngr cramah abdul somad masa allh tabarakalloh mudah" di panjangkn umur amiiin
0	Ya allah bukalah pintu hati suami hamba supaya mau melaksanakan sholat,amiiin
0	Smg ustd selalu dlm lindungan Allah swt. Aamiin yra
1	Saya selalu nonton ceramah ustad dan saya mohon kan pada Allah biar apa yg saya dengar menjadi hidayah untuk saya amiin
0	Alhamdulillah....semoga tuan guru selalu diberi kesehatan....
0	Alhamdulilah ..bismilah sehat selalu pak UAS slo hadirÃ‚Âjazakallah
1	Sehat2 Ustadz ya, slalu memberikan ceramah. Aamiin
0	Assalamualaikum warohmatullohhi wabarokatu..tuan guru ustad abdul somad ..dan seluruh umat muslim sedunia...amin
1	...smga gurunda uas sehst sll panjang usia dilapangkan rixki, kami sll rindu wejangan nya Barokaloh...
0	Assalamu allaikum Prof , semoga sht selalu dan selalu dalam lindungan Allah swt Amin y Robbal Alamin
1	Assalamualaikum.. masyaallah tabarakallah.. doa ny selalu yg baikÃƒâ€š untuk tuan guru abdul somad
1	Ya Allah semoga pak ustad selalu dalam lindungan Allah amiin ya robal allamin
0	Hadir Nyimak Tuan Guruku UAS.
1	Alhamdulillah terimakasih ya Allah berikan keberkahan terus buat ustad uas
0	Semoga selalu dalam lindungan Allah SWT ustadz Abdul Somad Aamiin...
0	Semoga ustad di berikan umur yg panjang serta barokah Amiiin
1	Assalamualaikum wr wb Masya Allah dakwahnya sangat menyentuh hati terimakasih atas ilmunya moga UAS dan keluarga sehat selamanya dan selalu di lindungi Allah SWT Aamiin
1	Alhamdulillah...ilmu tuan guru insyaallah baek moga sehat sllu
1	Ustd uas ceramahnya krennn
0	Assallamu allaikum wr,,wb,,semoga tuan guru ustadz uas sehat selau amin
0	Masya Allah Tuan Guru
1	Mntap keeerrren guru tausiyah nya
1	Subhanallah.....sehat selalu pak UAS semoga kita bisa ambil pelajaran nya..Aamiin "ya rabbal'alamiin...
1	Masyaallah ustad kita terbaik lagi tausiah
0	Semoga ustad Abdul solat diberi kesehatan dilimpahkan rejeki yang banyak darahnya makin tinggi amin
0	Semoga sehat slalu ustad Abdul Somat.
0	Assalamualaikum Ustadz..Sehat Selalu Ustadz...semoga selalu dlm lindungan Alloh Subhanahu Wata'ala....
1	Terima kaseh UAS.
1	Semoga sehat dan selalu dalam lindungan Allah SWT ..syukran atas nasihat dan bimbingan nya
1	Masyaa'Alloh bgitu merduy suaray pk ustdz abdus somad LC MA, Masyaa'Alloh bgitu cerdas y beliou, smgat luar biasa, Mdh2an beliou d bri umur yg pnjag, shat kn lah bdan y yaa robb, n jg brtmbah rezeki y, brtmbah jema'ah y yaa robb
0	Alhamdulillah.panjang umur sehat selalu..aminnnnn
0	Bismillahirrahmanirrahim,
1	Rindu dengar ceramah ustadz yg macam ini..penuh ilmu, tegas, lucu tentunya.. barakallah ustadz semoga panjang umur n lancar rezekinya.. aamiinnn.
0	Allah maha besar
1	Semoga paustad Abdul Somad selalu ada dalam lindungan Allah SWT amin ya rabbal Al-Amin
0	Massa Alloh asalamu Alaikum pa ustad semoga sehat selalu amin
0	Masya Allah smg utad sklrga sehat walafiat Aamiin
0	Menhomak lagi, semoga semua dilindungi Alloh
1	Ya Allah berilah kesehatan untuk ustad Abdul somad.agar supaya bisa memberi fatwa yg berguna bagi umat muslim semuanya Aamin.yrb
0	Subhanallah ustad..sehat selalu ustad
0	Subahanallah... semoga Allah SWT senantiasa melindungi guru kita ustadz Abdul Somad...amin
0	Semoga tuan guru UAS sehat..selalu dalam lindungan Alllah SWT...Amiin...
1	Masya Allah,sungguh sangat bermanfaat
1	Saya suka ceramah ustadz Abdul Somad ada yang bisa kita ambil dari berbagai ceramah agama Islam dari Abdul Somad terimakasih kepada ustadz Abdul Somad sudah mencerahkan pintu hati kami terimakasih atas ustadz Somad
0	Assalamu'alaikum wr wb mugi UAS & kita semua sehat sllu,,
0	Semoga ustz ada lindungan nyah alloh swt
1	Trimakasih ustad smua ilmu ny mg mempaat untuk smua hamba allah umat islam,mg ustad Hi somad kt smua slalu d lindungi allah swt untuk yg lebih baik lagi.aamiin yrb...
1	Mantap ceramah nya pak Ustad Abdul Somad.
1	Alhamdulillah, saya bisa mendengar ceramah UAS pagi ini, mudah mudahan UAS selalu sehat
1	Masya Allah Alhamdulilah ini UAS ustadz yg cerdas eg takut demi kebenaran Aamiiin
1	Mantap sangat ustat slalu dilindungi Allah allahuakbar
1	Tetap semangat Pak Ustadz berceramah kami senantiasa mendengarkan
0	SUBHANALLAH
0	Moga uas slalu sht dn di prmudahkn urusan nya aaamiiin
1	Assalamualaikum warahmatullahi wabarakaatuh UAS ,SMG UAS sht,bhgia dunia Achirat sll dlm lindungan Allah SWT. Aamiin. Jazakumullah Chairan UAS ceramah nya sht bermafaat
1	Assalamualaikum warahmatullahi wabraktuh slmt siang guru smgga slalu sehat walapiat slalu dlm lindungan Allah SWT
0	Assalamualaikum, semoga kita semua sehat2 bahagia selalu barokah dunia akhirat aamiin.
0	Semoga kita semua bisa menjaga Shalat kita aamiin
0	Alhamdulillah
0	Subhsnalloh semga alloh lindungi orng 2 alim yaalloh amiiinn
0	Assalamu'alaikum..
0	Semoga Allah SWT selalu melindungi UAS .....
1	Semoga da, i 2 generasi bs sprti UAS... Sngt Mudh d mengrti Ceramah nya... Sngt mndasar k Alquran dan Hadist.
1	Tenang hati tengok wajah ustad (orang soleh) allah maha besar
1	Jujur, ketika dapat ceramah dari pengajian yang menurut saya kayany ada yang keliru...langsung cari pencerahan ke channel ustadz Abdul Somad, Alhamdulillah tercerahkan, semoga ustadz sehat slalu dan dilindungi dari marabahaya.. Aamiin Allahuma Aamiin
0	Assalamualaikum warrokmatullahi wabarrokatu bismilahhirrokmanhirrokim alhamdulilah indramayu hadir nyimak tuan guru semoga sehat selalu bersama keluarga beserta sahabat di lindungi allah di mana pun berada aamiiinnn ya Allah ya rabbal aaalaamiinnn
1	Masya Allah, mudah2an berkah ilmunya
0	Smg ust.sehat wal afiyat bst leluarganya dn smg panjang umur
0	Ya Allah semoga UAS diberi kesehatan
0	Sehat slalu pak ustad
1	Terimakasih paustad ataspecerahannya semoga paustad sehat slalu amin
1	Alhamdulillahi robil allamiin,terimakasih pak Abdul Shomad ceramahnya ,pencerahannya.semoga menjadi tuntunan.
0	Assalamualaikum semoga UAS sehat selalu
0	MASYA ALLAH...
0	Alhamdulillah
1	Tiap hr saya shbs sholat subuh masak d dpur sambil bwa hp . Bukayou tup ... Mendengarn ceramah usta somad... Seneng krn ceramhnya tdk membosankn . Smgustat slalu sehat pnjng umur amiiiin
1	Subhanalloh terimakasih ya Alloh hambumu ini selalu di beri ilmu.melalui UAS.semoga beliou dilindungi dari marabahaya siang dan malam di dunja dan di aherat. Aamiin ya robbal alamin.
1	Ya Allah semoga hmba ini sehat jasmani dan rohani Amin yrobl almn
1	Masya Allah tabarokallah..mksih bnyk Pak Ustad cramahnya sangt mngerti
1	Ust favorit ku...sehatkan selalu...ya Alloh
1	Allhamdulilah sangat bersyukur kita mempunyai Ustad Abdul somad.
1	Alhamdulillah kita bisamendengarkan ceramah uas mudahanberkah dunia akhirat
1	assalam alfadhil n semua..menarik tausiyyah tg.moga terus diberkati n drahmati Allah dberi keafiatan yg trbaik utk uas sekeluarga n kita semua aamiin ya mujib Ã‚Â·
0	Ya Allah berilah UAS sehat panjang umur
0	Semoga sehat selalu buat ustadz Somad.dari pengagummu
0	Masyaallah
0	Assalamualaikum
1	Semunya sangt bermanfaat ustadz..hatur syukron ustdz
1	( Allah Akbar ,, sungguh hebat ustaz Abdul Samad , insan lahir ka bumi Allah yng cukup istimewa ,, hmba tengok klip video tazkirah subuh ustaz Smpai sebak dada nitiskan air mata , do'aa hmba semoga ustaz diberi kesihatan olh Allah SWT selaku )
1	Assalamu'alaikum warahmatullahi wabaroka tuh,Buat semua pencinta guru kita uas ,jika mengundang beliau Berilah ia tempat duduk rasanya saya tak rela jika ia berceramah sambil berdiri. Untuk video ini Alhamdulillah beliau sambil duduk Ã¢â‚¬ËœÃ‚Â
0	Assalamualaikum, warahmatullahi wa barokah semoga sehat selalu dan semoga cepat dapat momongan lagi Aamiin.
0	Bismillah...
0	Masya Alloh
0	Assalamualaikum TUAN GURU UAS sy mohon doanya utk ank sy smoga ank2 sy menjadi org2 yg soleh. Terima kasih wassalamualikum warohmatullohi wabarokatuh.
1	Syukron UAS ilmunya semoga berkah untuk kita semuanya... aamiiin
0	Semoga sehat selalu tuan guru...
1	Alhamdulillah barokah ulama Abdul Somad
1	UAS Hebatt lanjut !!!
0	Assalamualakum pak ustad somad semoga sehat dan sukses selalu dunia akherat
1	Alhamdulillah sllu dapat ilmunya trimksih sehat sllu buat Tuan guru Ustadz AS Aamiin.
0	Assalamu'alaikum wrwb
0	Assalamualaikum.Semoga Ustadz Abdul Somad beserta keluarga nya,kru nya & kaum muslimin muslimat semua nya selalu sehat & selalu ada dalam lindungan Allah Subhanahuwata'ala.
0	Baik tak baik bukan pada bunyinya tapi bagaimana kita mengambil pelajaran...
0	Alhamdulillah barokah ulama Abdul Somad
0	Mudah - mudahan ustadz sehat selalu agar kita berjumpa di kabupaten Halmahera Selatan di bulan Januari ini.
0	Assalamu'alaikum Ade" Tim UAS , terutama Admin share dong Tauziah UAS di Ahad 16 Januari 2022 waktu subuh berjamaah di masjid Al Akhyar Kmpung Lembang ,Sudimara Barat Ciledug Tangerang bersama Gubernur Banten Ã¢â‚¬ËœÃ‚Â Ã¢â‚¬ËœÃ‚Â
1	Yah Allah ceramah nya membuat hatikuh sejuk sakalih
1	alhamdulillah..sehat ceria..semoga pak ustaz diprmudahkn ceramah
0	Assalamu'alaikum warahmatullahi wabarakatuh.
0	Semuga UAS diberi sehat panjang umur..
1	Alhamdulillah dpt ilmu ini
1	Barokalloh semoga pa kiyai selalu sehat wal afiyah
1	Alhamdulilah banyak yg ngk tau jd tsu dengar ceramah tuan guru UAS smoga sht panjang umur tuan guru ku
0	Assalamu'alaikum wr wb,Yaumil millad Tuan Guru,Semoga Sehat n bahagia sll bersama kel tercinta n selalu dlm lindungan Allah SWT Aamiin yaa Robbal Alamiin
0	Moga Allah kurniakan UAS sihat dan sentiasa dlm lindungan Allah
0	semoga ustat sehat Aamiin Aamiin Aamiin
0	Smg pak ustad panjang umur, amin ya robbal alamin
0	Asalamu alkm semoga pak ustadz slalu sehat
0	Bu Tati Bukittinggi . Semoga ustat sehat untk membagi ilmu agam untuk umat yang mmbutuhkan. Aamiin Berkah Ya Allah
0	Semoga ust sehat selalu
0	Assalamu'alaikum Serang Banten nyimak tuan guru UAS semoga Allah SWT melindungi dlm berdakwah n memberi kesehatan aamiin
0	assalammualaikum tuan guru, semoga tuan guru sehat selalu.
1	Alkhamdulillah tiada hari tampa mendengarkan ceramah pk ustazd Abdussomad tabarokallah Aamiin...
1	Alhamdulillah ceramahnya bikin adem hatiku ustadz,,semoga sehat sll ustadz.amiin
0	Assalam mualaikum warohmatullohi wabarokatuh Timur tengah Jeddah...salam santun Ustadz...semoga Ustadz Tuan guru selalu dlm lindungan Allah Swt dn d berikan sehat selalu dn d berikan umur panjang rezeki yg berlimpah dn barokah Aamiin yarobbal alaamiin...
0	Situbondo hadir tuan guru.semuga tuan guru sehat sll n panjang umur.
1	Terimakasih ya rob, dengan perantara mu, kita di beri petunjuk,
0	Alhamdulilah hironol alamin teurima kasih yg seubyak ilmu nya seumoga beurmanpa,at untuk ku dn tuksahbt ku
1	ya Allah semoga tuan guru ustad abdul somad sehat selalu dan panjang umur berkah ilmunya
0	Sehat selalu ustadz
0	Alhamdulillah hirobil'alamin slalu ngikuti tausiyah ustad uas wlo cuma lwt yuotube. Semoga ustad uas slalu sht slalu dlm lindungan Allah Swt Aamiin.
1	Sering sering dengerin
0	Mudah-mudahan ustadz diberi kesehatan dan umur yang panjang
0	Subhanallah,pak ustad somad
1	Assalamualaikum wr..wb..katuh tksh pak Ustad Abdul Somat atas pengertianya tlg Agama kami semoga ustad Somat beserta kel diberi kesehatan Aamiinnn .
0	Asalamualaikum... semuga ustadz diberi kesehatan sellu.
0	MasyaAllah
0	Masya Allah Thabarakallah Semooga Tuan Guru kt UAS dan Kita Semua Selalu Dalam Lindungan Allah SWT dr Angkara Murka Jin dan Manusia Aamiiin Ya Rabb...
1	Semoga UAS panjan uyyyyuag umur dan selalu .berdawa walaupun saya jauh melihat dan mendengar nya
0	Alhamdulilah.....
0	Alhdlillah...tuan guru UAS sehat selalu...!!!
0	Ya Allah mugi2 jenengan sehat selalu ustadz
1	Alhamdulillah sekarang ustad2 ternama pd punya chanel yutub ,jadi kajian nya full ga sepotong2,barakalloh.
0	Tetap semangat p..ustad somad,tetap sehat
1	Bang UAS ceramahnya makin dikembangkan materi ceramah nya dan diperkuat dalilnya, itu ustadz intelektual itu julukan Abang.
0	Semoga usradku selalu dlm lindungan Allah SWT
0	Assalamu'alaikum pa ustadz, semoga sehat selalu..amiin.
0	Sehat selalu Ustad kami...
1	Aku senang mendengar ceramah ustat
1	Assalamualaikom ustaz, padu mantap.AMIN. Ã‚Â
1	Assalam mualaikum ustadz matur suwun ilmu ilmu nya ustadz
1	Smg yg medengar tersentuh hati nya amiin allahumaa amin
0	Semoga Sehat selalu Tuanku Guru UAS
1	Semoga akan lahir atau bermunculan ustad seperti haji abdul somad untuk menerangi bangsa dalam negeri ini Aamiin Ya Rabb...
1	Mantap Ustaz.. sihat terus
0	Sehat slalu guru UAS......
0	alhamdulilah.anak ranto malasia hadir nyimak.tuwan guru kami tetap sehat dn pnjang umur amin,,
0	Alhamdulillah Taiwan hadir tuan guru ku
1	smoga ustad di sehatkan badan di berkahi umurnya ustad yg pling cerdas
0	Assalamu'alaikum Warahmatullahi Wabarokatuh
1	hangat sekali hati ini sangat menyentuh ceramah UAS.
0	Semoga sehat selalu Tuan Guru
0	Sehat selalu ustadz Abdul Somad
1	Sehat sll ust agar bs menuntun umat,kami membutuhkan ust yg cerdas seperti UAS,UAH,Arrazy dan byk ust kita yg lain yg cerdas dan lugas yg mmg ingin membimbing umat menuju Ridho Allah menuju JannahNya,Aamiin YRA
1	Semngat trus semoga sellu seht pk ustad,dan aku yg mnonton vidionya jg seht sllu amin
0	Subhanallah.. Alhamdulillah.. Semoga pa ustad somad dan kel. Diberikan kesehatan rizki yg berlimpah Aamiin..
0	Subhanallah Tabarokalloh
0	Alhamdulillah barokah ulama
0	Assalammualaikum ustad semoga sehat sllu dan panjang umur aamiin
0	Assalamu'alaikum wr wb salam subuh dari kendari
1	Barakaloohu, smg pk ustadz selalu dlm lindungan Allah
1	Pengajian yg mantab kapan di sidoarjo ada.. Semoga sidoarjo bisa mengundang beliau.Aamiin
1	Alhamdulillah terima kasih pak ustad Mugi barokah emak nderek ngaos mohon ijin amin
0	Subhanallah..
1	Alhamdulillah ustza, bgsx dawahx bikin kita ketawa.
0	Assalamualaikum
1	Assalam muaikum semuaya sht kalian semoga di beri umur pajang di beri kemudahan dn kelancaran buat kalian semuaya Amin semoga di beri rezeki sebyk mungkin Amin ingsallah pasti Allah memberi sesautu yg saat sempurna di hadapan Allah,Amin yarobal Alamin salam damai dn tenang dri Indonesia...
0	Masya Allah
1	Allah huakbar subhanallah masyallloh tabarakarlloh semoga UAS dan jamaah semua sehat waaliafiat panjang umurnya istigomah diridhai Allah dunia dan akhirat amin ya rabbal amin
0	Alhamdulillah barokah ulama
1	makasih pak uas sudah berbagi ilmu tentang ajaran nabi tercinta kita muhammad saw !!
0	Allah
0	Semoga ustadz selalu sht
0	di dunia kita tk bsa ketemu.di ahirat
1	Assalammualaikum wrwb Bismillah Alhamdulillah hadir menyimak trmksh Ustadz Abdul Somad... Atas ilmunya yg sngat 2 bermanfaat bagi Ummat.... Smg Ustadz sehat selalu dan Berkah usianya
1	Assalamu'alaikum pak ustadz.. Smlm saya bermimpi ketemu pak ustdz. Seneng bgt.
1	Barokahallah tuan guru UAS smg sllu dlm lindungan Allah SWT Aamiin
0	Alhamdulillah !
0	Alhamdulillah barokah ulama Gus baha
1	Assalamu'alaykum. Cuma syetan dan komunis yg panas resah mndengar da'wah.Sehat" selalu dan dimudahkan segala urusan beliau.Aamiin.
0	Subhanallah...semoga ustadz sehat, selamat, bahagia dunia dan akhirat, Aamiin Allahumma Aamiinn
0	Masya Allah tabarakallah ustadz
0	Assalamualaikum...sehat terus ya pak ustadz
0	masya Allah
0	Alhamdulillah ya ALLAH
0	Alhamdulillah hadir selalu uas
0	Ya allah...semoga ulama2 trus hadir untuk kmi ya allah
0	Sehat terus ustad
0	Semoga saya bisa jadi org yg selalu merendah dan hilangkan sifat sombong
0	Subhanalloh Alloh suka hambah yang merendahkan diri
0	nyimak pak ustadz mugi"angsal barokahe aamiin yrb
1	Assalamualaikum warohmatullahi wabarokatuh , semoga Ustadz Abdul Somad sehat selalu Dan panjang umur , Dan tetap dilindungibAllqh apapun heates anda ""berkicau"" tanpa heaters perjuqngan anda dalam menegak kqn qgama islÃƒÆ’Ã‚ m kurang sempurna tapi dengan adanya heaters Maka perjungan anda menjadi lebih sempurna , jadi hidup anda penuh warna warni
0	Assalamualaikum Tuan Guru ..
0	Klu Tahu... Allah Suka Orang yg Merendahkan Diri...
0	Wa alaikum salam wa rahmatullahi wa barakatuh...
1	Allohu Akbar tabarokalloh ilmu yg di paparkan UAS itu mudah2an melekat pd hati dan bertambah kuat keimanan kami ya ALLAH
0	sht sllu tuan guruh ustadz abdul somad
0	Alhamdulillah barokah ulama Abdul Somad
1	Alhamdulillah usd SOMAD mengingatkan tentang SHOLAT kembali
0	Masya Allah Tabarakallah,tuanguru ustad Abdul Somad dan kelg semoga selalu dilindungi Allah Swt sehat selalu dipanjangkan umurnya,aamiin
0	MasyaAllah Tabarakallah
1	Ngegosok sambil dengar tausiah UAS tak terasa ga cape dapat ilmunya lgi terima kasih UAS. semoga sht tuan guru semoga tambah mulia aamiiiin
1	Syukur alhamdulilah B's dengar uas ceramah
0	Assalamualaikum
0	Semoga sehat selalu ustaz
1	Alhamdulillah bisa dengar lagi ceramah UAS
0	Alhamdulillah masya allah tabarokallah
0	Alhamdulillah masya Allah Tabarokallah sehat slalu tuan guru
0	panjang umur ustadz
0	Barakallah tabarakallah Ã‚Â¸Ã‚Â
0	Hadir Ustadz
0	Semoga sehat selalu tuan guru
1	subhanallaah semoga tuan guru uas selalumendapat ridoo alloh amiiin juga kluarganya sahabatnya uas selalu dilindungi allah amiin amiiin amiiin
0	Sehat selalu ustadzku
0	Alhamdulillah
1	terhibur pless ilmu yang sangat bermanfaat
0	janganlah merendahkan diri yg haru dilakukan manusia itu harus rendah hati bukan rendah diri (Tawadhu).
1	Subhanallah ... UAS semoga panjang umur , hingga anak cucu kami bisa menerima ceramah nya UAS yg sangat di mengerti , msk dlm hati , tdk membosankan , rasa hati ini menjadi senang
1	Alkhamdulillah ,selalu bahagia tersenyum tertawa seneng klo denger ustad ceramah bikin hati gembira.
0	Assalamu'alaikum pak ustadz, semoga selalu dlm lindungan Allah SWT
1	Subhanallah. Terimah kasi hdgn ilmunya
1	Alhamdulillah tabarakaullah senang nya mendengar tausyiah ustadz kita abdul somad, sehat selalu buat ustadz .. Terus menyebarkan agama Allah Ta'ala hingga ke pelosok nusantara
1	Sangat bermafaat
0	Ya Allah semoga UAS di beri ke nikmatan da wah
1	Ya Allah lindungilah UAS ...berkahilah Beliau jadikan UAS Istiqomah dalam membela AgamaMu ya Allah jadikan kami juga Istiqomah ya Allah
0	Masya ALLAH
0	Semoga ustadz Abdul Shomad beserta keluarga selalu dalam lindungan Allah SWT aamiin
1	Wa'alaikumsalam warahmatullahi wabarakatuh, MasyaAllah Tabarakallah semoga Ustadz Abdul Somad selalu sehat terus menerus beserta keluarga nya dan bersemangat berdakwah Atas Ridha ALLAH SWT dan selalu dpt lindungan ALLAH Aamiin Ya ALLAH Ya Rabbal Alamin Ã¢â‚¬â„¢Ã¢â‚¬â€œ Ã¢â‚¬â„¢Ã¢â‚¬â€œ Ã¢â‚¬â„¢Ã¢â‚¬â€œ Ã¢â‚¬ËœÃ‚Â
0	Assalammualaikum wbt tuan guru alhamdulillah amiin2
1	Semoga ustad panjang umur sll memberiÃƒâ€žÃ‚Â·an ceramah pada umat islam diseluruh peloksok negri ini amiin yra
0	Alhamdulillah masih bisa nyimak uas
0	Astapirrullaahh jaukanlah yg buruk itu dari Ku ?
0	Jika seorang anak perempuan memiliki ayah yg tak sholat dan tak pernah mengajarinya ilmu agama, tpi seiring bertumbuhnya anak perempuan itu dia memperoleh ilmu agama dari sekolah dan dari media, terkadang ia rajin sholat namun terkadang dia jarang sholat apalagi kalo berada di rumah dia sangat malas untuk sholat karna anggota keluarga tidak ada yg sholat. Bagaimana caranya agar anak perempuan ini bisa Istiqomah dalam beribadah?
1	Aslmkum ustadz seneng bnget dngr ceramah2 ustdz Ã‚Â
1	Alhamdulillah ya alloh dapet ilmu bgitu byk hal solat massa alloh terima Kasih pa ustadz abdul somad. Smg sy bisa. Bimbing sy ya alloh dijln mu yg alloh ridhoi
1	Lanjutkan pak UAS untuk. Menyebarkan. Dakwah islam demi umat.
0	Masyallah Ã‚Â
1	Alhamdulillahi robbil aalamiin. Terima kasih ilmu nya Ustadz Abdul Somad. Semoga Allah mudah kan dlm mengamalkan nya ... Aamiin allahumma aamiin. ( medan).
0	Allahuakbar ustadz Abdul Shomad Ã‚Â Ã‚Â Ã‚Â semoga selalu dalam lindungan Allah SWT, diberi kesehatan Aamiin
0	Y Allah lindugi ustadz kami yg ada di seluruh muka bumi mu y Allah Aamiin yrob
0	Sehat selalu ustad
0	Halo... Yang terhomat ustad Somat... Nama saya budi. Saya langsung aja keintinya aja.pada satu malam saya tidur kira2 jam 2 subuh saya terbangun dengan bisikan seseorang Dengan salah satu bacaan ayat suci dan saya merasa sangat bahagia serta semua beban masalah hilang. Sampai terbangun suaranya masih bergaum di telinga. Tapi saya ga tau isi ayat sucinya yang mana yang bisa buat saya bahagia sampai nangis. Jadi pertanyaan saya adalah adakah ayat suci yang bisa buat orang bahagia??? Apakah Suara bisikan itu dari malaikat??? Mohon pencerahannya pak ustad. Terima kasih...
0	Sehat sellalu pak ustad..
0	Aslamualikum PA ustadz Taiwan hadir... Hari ini, sabtu - 1-1-2022 semoga kita semuanya istiqomah sampe Kiamat, di jalan yg di Ridoi Allah SWT..Aaammiinnn YA Robal Alamin
1	Semoga uas selalu dlm lindungan Allah.swt. ilmunya sangat bermanfaat
1	Alhamdulillah... Hatur nuhun UAS ilmunya, ttg Shalat. Semoga Ustadz selalu dilindungi Allah Swt dari musuh2 Allah Swt. Kapan ke Bandung lagi? Diantos pisan. Hatur nuhun. Salam dari Bandung.
1	Massa allah tabarakallah mudah2an guru kita ada dalam lindungan allah sbwt dan keluarganya juga kita semua aamiin
0	Ya Allah hamba ingin ridhoMu melalui ceramah UAS ini,berilah hidayahMu ya Allah menyimak 01-01-2022
0	Assalamualaiykum.ustad.somad.semuga.sehat.walafiyet.
0	Assalamu'alaikum wr wb ust..smoga ust UAS sllu dlm lindungan Allah SWT amin 3x
0	Subhanallah Ã¢â‚¬ËœÃ‚Â
1	Allahuakbar.habis sholat magrib langsung buka yuotube lihat dan mndengar tuan guru uas semoga sya bisa ambil ilmu yg d ajarkn oleh uas.semoga uas dlm lindungn allah swt.dan selalu sehat aamiin.
1	Kadang kadang ceramah UAS saya senyum sendiri ya Allah dah berulang kali mendengar UAS tetap menyimak dan antusias ...bahagianya bila mendengar langsung ceramah beliau
0	Subhanallah semoga tuan guru ustad abdolsomad LC MA dan kluarganya sahabatnya selalu di linddungi Allaah Amiin amiin amiin
1	Ustdz idolaq yg pintr cerdas baik hti rendah htu syg sm yg muda hormat sm tua..ustdz shomad ceramhx seperti ulma madura ada canda2x yg tk buat mata ngatuk..trima ksh ustdz sdh menyebut madura di aceh darussalam..betul ustdz klo d madura ada ank cwek rok pendik dn ank cowok pkek clana pendek d tkut2ti dgn celurit bru ank itu gnti rik pnjng..semuga ustdz sellu dlm lindungn allahamiinn
1	Subhanallah semoga tuan guru ustad abdolsomad LC MA semoga mendapat perlindungan dari Allah SWT juga panjang umur sehat selalu dan selalu istiqomah amiin amiin amiin
1	Mantap ustad lanjutkan dakwah
0	Alhamdulillah
0	Alhamdulillah sehat 2 tuan guru
0	Sehat selalu tuan guru UAS,selalu dlm lindungn ALLAH..
0	Assalamualaikum tuan guru aku dari Jakarta aku ingin sekali berjumpa dengan tuan guru semoga Allah mempertemu kan kita semua amin ya Allah
1	Terima kasih Ustadz ceramahnya sangat bermanfaat dan tak bosan2 sy mendengar karena selalu di selingi dgn canda yg masuk akal, semoga Ustadz Abdul Somad sehat selalu dan selalu dalam lindungan Allah SWT, Aamiin
1	Pas mantap semoga semakin rajin untuk mendirikan sholat
1	Kami sangat bangga sebagai orang Madura di sebut di nangru Aceh Darussalam dmana di tempat itu ak sangat menyukai tentang peraturan di Aceh yg tidak memamerkan aurat ny antara kaki 2 dan perempuan ..buat ustad idolaku semuga sekeluarga sehat dan panjang umur
1	Alhamdulilah mudahan ustad sonad oanjang umur sehat badan biar kita terus mendengar ceramah nya amin
0	subhanallaah semoga tuan guru uas selalumendapat ridoo alloh amiiin juga kluarganya sahabatnya uas selalu dilindungi allah amiin panjang umurnya selalu sehat aamiin aamiin amiiin amiiin
0	Astagfirullah mudahan dosa 2kita diampuni allah dan berkah berkat bershollawat mendengarkan tausyiah uas aa
1	Tul tad, bersembunyilah di tempat terang karena Allah SWT cinta terhadap mutawadiin...
0	Alhamdulillah...sehat sll ustad Ã¢â‚¬ËœÃ‚Â Ã¢â‚¬ËœÃ‚Â Ã¢â‚¬ËœÃ‚Â
1	sukses selalu ustatd
0	Assalamualaikum pk ustd
0	Setia menyimak ustadz
1	Syukron ustadz .sehat selalu
0	Sehat selalu tuan guru
1	ORANG YANG TELAH BISA MEMPRATEKAN RENDAH HATI, INILAH DASAR DARI ORANG BERIMAN YANG ISTIQOMAH UNTUK MENDAPAT KASIH SAYANG ALLOH.
0	usaha dan kerja keras sendiri alhamdulillah
0	Amin amin anak saya. Sebagai anak yatim semoga saya dan anak saya menjadikeluarga usnul khotimah dalamagama dan kami semoga bisa mengajarkan. Atau membingbing anak dijalan allah semoga aku diberikesabaran dalam menghadapi titipan anak yatim banyak godaan dancobaannya masa allah
0	semoga sehat sllu ustd
1	Trima kasih atas segala penceramahanya muda? an saya bisa melaksanakan ya dg iklas amin.
0	Bismillahirrahmanirrahim
0	Moga sehat selalu ustadz
0	Sehat selalu pak ustat
0	Alhamdulillah
0	Walaikumsalam Tuwan guru Abdul Somad LC MA
0	Alhamdulillah slalu bsa nyimak shat trus tuan guru jordan hadir
1	Hadir tuan guru ustad abdulsomad Mulana noralsakinah hadiroh. Kemarin kemarin nya saya jarang mendengarkan. Tausiyah karna sibuk pekerjaan rumah tak bisa kemana mana selain. Dirumah sedang sibuk sibuknya semoga. Aku ditemani dengan iman. Bisa menjaga martabat ya allah bingbinglah. Aku dijalan kebenaran
1	Pengen tau itu nada adzan apa yaa merdu banget:(
0	Sehast sll ustaz panjang umur.
0	Waalaikumsalam Warahmatullahi Wabarakatuh
0	Aslamulaikum pa ustadz Taiwan hadir... hari ini Senin tanggal 3-12022 SDH 2, 38 JT subscribe.. Alhamdulillah...
0	Alhamdulillah,nyimak selalu semoga berkah
0	Allahumma sholli alasyaidina Muhammad sehat selalu pak ustadz
1	Saya walaupun sekarang jarang dengar tausiyah ustad tapi saya sering tausiyahan dimesjid mesjid bersama keluarga saudara kadang. Dimesjid sendiri mesjid Jamie alpurkon purwakarta wasalamualaikomkeluarga Mulana noralsakinah waa Muhammad purqon
1	aku suka banget denger ceramah ustad
0	Alhamdulillah.
0	Aamn yaa rabbal Al-Amin panjang. Mur sehat selalu aamnyrbmn
0	Waalaikm slm wrwb slmt siang
0	Assalamualaikum ustadz , apabila ada yang meninggalkan sholat dengan sengaja ,tapi sholat tersebut di ganti lagi di lain waktu, apakah itu tetap kafir , terimakasih kasih ustadz ,semoga di baca
0	Sehast sll ustaz panjang umur.
0	Waalaikumsalam Warahmatullahi Wabarakatuh
0	Hongkong hadir menyimak Ustadz kesayangan
0	Allahumma sholli Alaa sayyidina Muhammad wa Alaa Ali sayyidina Muhammad
0	Assalamualaikum Wr Wb,,,admin Ustadz Tile dari Bekasi hadir
0	Lebih...baik pilih kitab Al-Quran dn setia kepada Allah,ussdt itu lebih mulia di hadapan Allah saya tidak meminta apapun itu yg peting saya bisa memberi sesautu yg sempurna Di dunia ini dn tugas Allah, Amin ingsallah pasti Allah memberi sesautu yg saat indah Di hadapan kitab Al-Quran ini...
0	Sht sll tuan ayeckh kyai UAS . ...... sll anak anak dn cucu dn cicit ku......alim spert ilmu y UAS...
0	Benar allab suka hamba yg rendah diri
0	Alhamdulillah Allah Akbar
0	Masya Allah tabarakallah
0	Alhamdulilah allahhuakbar allahhuakbar allahhuakbar ampunkan mueeza maazah maafkan teman tetamu ALLAH swt hijjrah bertawaduk jiwaku my Ã‚Â¸Ã‚Â
0	ALHAMDULILLAH
0	Asallamualaikum pa ustad saya orang baru yang memgikuti pa us tad
0	Yaa allah kapan saya bisa bertemu dengak bapak ustas abdul somad..
0	Probolinggo hadir ,Uas mudahan sehat selalu
0	Assalamualaikum ustad smg aku bisa ktm lagsg dgn ustad.. Aminn tiao hari saya cm bisa lihat d YouTube sng bisa ikut pengajian lgsg
0	Alhamdulilah
0	Wa'alaikumussalam Warahmatullahi Wabaroktuh
0	Allahuakbar
0	Brebes jawa Tengah Hadir Pak Ustad
0	Alhamdulillah.Aamiin...yarabbal a'lamiin
0	Asalamualaikum Ust moga sehat
0	Insallah ustad uas spnjng kan umur nya sllu sht ustad uas
0	Alhamdulillah,Allahumma soli ala muhammad
0	Assalamualaikum ustadz Banjarmasin hadir..
0	Smoga anak cucu cicit ku alim ilmu spert Uas.......
0	Brebes jawa Tengah Hadir Ppl Ustad
0	Wa'alaykumussalam wr wb...tuan guru...allahumma solli'ala sayyidina muhammad,wa'ala'ali sayyidina muhammad saw.smg tuan guru skluarga & pr jemaah yng mahabbah kpd bliou krna allah,dbrikn keslametan & kesuksesan piddunia wal'akhert nya,aamiin aamiin aamiin allahumma aamiin
0	Assalamualaikum pak ustadz saya minta doanya sekeluarga amin
0	Salam dari aceh ustad..
0	Pak usatd bagaimana jika kita merendahkan fisik orang apakah Allah memaafkan atau tidak pak?
0	Masaallh subhanallh
0	Ya allah semoga awak batomo jo ustadz abdul somad di masjid raya dangung.dangung
0	Mari introspeksi diri merendahkan diri setelah di tolak masuk di negara ke 5 ya yg mulia UAS
0	Assalamualaikum, dsni ada GK yaa yg punya grob kajian GK yaaa boleh gabung yaaa buat belajar Ã‚Â
0	Assalamualaikum warahmatullahi wabarakatuh.
0	Hongkong hdr ustad abdul somat
0	Alhamdulilah...
1	Terima kasih ustad
0	Ustadz hati saya sedih ustad ker na sebahagian keluarga saya belum mau syolat ya alloh bukakanlah pintu hidayahmu dan ridomu ya alloh aminn terimakasih
0	la ila ha illahlah pagi dan petang nabi muhammad saw dan nabi sulaiman as
0	Assalamualaikum warahmatullahiwabarakatu..ustad bagaimana menghadapi suami yg keras hatinya tdk maw menerima nasihat tentang agama
0	lAmiinn ya Allah Ã¢â‚¬ËœÃ‚Â
0	Subhannallah..
0	Tuan guruku
0	Orang yang rendah hati pasti disayang tuhan.mau rendah diri,tengkurap aja ditanah pasti sangat rendah.
0	Bapak Ustadz Abdul Somad saya mau bertanya kenapa setiap saya pindah kontrakan dengan keluarga kecil saya selalu ada orang yang mengganggu air yang saya gunakan.saya selalu di jadikan pelampiasan kejahilan mereka.mereka merasa kuasa terhadap air yang saya gunakan.air kan penting.semua orang membutuhkan air apalagi untuk melaksanakan ibadah.
1	Assalamualaikum sagat bagus pa ustad saya selalu degerin pa ustadz tosihah jdi hati saya adem tp saya boleh nqga bertanya pa ustadz
0	Shat sllu UAS...
0	Allahuma sholli alla Muhammad Wa'alla ali Sayidinna Muhammad Ã¢â‚¬â„¢ Ã¢â‚¬â„¢ Ã¢â‚¬â„¢ Ã¢â‚¬â„¢ Ã¢â‚¬â„¢
0	Aamiin.
0	Salam Kenal Pak Ustad Dari Brebes Jawa Tengah
0	Maa syaa Allah
0	Allahuakbar
1	Makasi ustaz menga jari ilmu sehqt selala ustaz
0	Buat smp ketingkat itu susah bgt.. apalg klo ngadepin org yg blagu sombong rendahin kita..
0	Assalamualaikum..ya ustad..sya mau brtanya apa hukumnya jika setelah sholat kita langsung jalan pergi tidak meminta SMA Allah..mohon pak ustad jawabannya..
0	Masya Allah tarrabakallah uztads.
0	MashaAlloh, laquwwata Illa billah
0	Trimakasih ustadz ,peringatannya.
0	pesawat garuda indonesia kelas bisnis 5 kursi untuk 5 orang hamba allah swt
0	MasyÃƒÆ’Ã‚ a Allah TabarakAllah.
0	ko rendah diri, rendah hati Tadz
0	Assalamu alaikum ustat hamba alloh yg di jombang mau tanya orang tua saya beragama nasrani udah meninggal ustat ,sedangkan saya beragama islam baru belajar gimana ustat cara mengirim doa untuk orang tua says yg beragama nasrani ,mohon petunjuknya ustat
1	Asalam.allaikum .ostat saya suka ceramah ostat tu ..baik ostat
0	Alqamdulillah
0	Waallaikum salam wr wb Aamiiiiiinn Ya Roballamiiin
0	Tabarokalloh ustd.
0	Gimana ya kalau mau tanya jawab sama ustad abdul somad,, tolong infonya
0	Tuan guru idolaku
0	Assalamualaikum Tuan Guru kami
0	Ustadz, ketika Allah di hina, tak ada suara mereka yg terdengar, tp giliran sesajen di tendang mereka kepanasan, golongan manakah mereka ya ustadz....?
0	ALLAHU AKBAR
0	Assalamu'alaikum pak ustad. saya mau bertanya apabila saya ketinggalan sholat isya satu roka'at boleh gak saya baca do'a iftitah waktu imam baca surat al fatihah di roka'at yang ke dua.wassalamu'alaikum
1	Menit2 terakhir cermah terbaik
0	Salam dr Aceh Utara
0	Maa syaa ALLAH tabarakallah
0	Asalamuala Ikum waroh matullohi wabarokatuh
0	Amiinn yrbl...
1	Cinta Kami UTK para ulama
0	assalamualaikum
0	Trima kasih ustaz....
0	wa'alaikumsalam warahmatullahi wabarakatuh
1	Terima kasih pencerahannya pak ustadz.ijin upload video pendeknya.
0	Amin
-1	Bisa ga kalau kita lg mendengarkan tausiah itu harus focus menyimak bukan sibuk pegang hp dan merekamnya.
0	Allohu Akbar.
0	Barakallah
0	Amiin
0	Waalaikumslm wr wb
0	Pak ustad kelaurga temanku menghina aku. Mereka bilang aku pesek padahal kita sama sama Islam. Apakah Allah aka memafkan mereka atau tidak ?
0	remaja mesjid ke satu masjid shohibbul jannah km.2 jalan diponegoro riau
0	imam di waktu shalat isya dan remaja mesjid ke 5 riau indonesia
0	Subhanaallah
0	Rendah Hati mungkin . Tidak utk Rendah diri
0	Mantapz
0	Allhamdulillah
0	Wa alaikum Salam Pak Ustad
0	Assalamualaikum ustadz
0	Pak ustazd bagai mana dgn ulama yg ditangkapi,padahal mereka habaib,tapi banyak juga ulama yg diam cari Aman.
0	asslamualaikum ustat
0	Hambanya yg merendakan diri dihina sama orang rajin dan taat agama yg pandai bersilat lidah merangkai kata kata apa yg harus dilakukan?????
-1	Habib BAHAR TDK mau di jemput TNI,
0	Ustad sy nak bertanya kenapa masa kita tahyat akhir kenapa harus telunjuk kita harus menunjuk athayatullÃƒÂ¢Ã¢â€šÂ¬Ã‚Â¦.
0	Barakallah
0	Sholawat
0	Asalamualaikum wrwb Gresik hadir nyimak
1	Ceramah ustadz sidiq, dan ustadz fatanah
0	Hadir ustadz
0	Saya ikut menyimak..nuhun.
0	Ass.kum ustadz... saya ada pertanyaan. bilakah hukum sumbang mahram terjadi dan dri nabi siapa??
-1	Tp kenyataan nya banyak koq yg membangga dn menyombongkan dirinya trutama ulama2 zmn now
0	MaAhaa Allah UAS sht sllu Aamiin
-1	juru bicara instagram indonesia
-1	Boleh mencuri listrik dan air.. Alhamdulillah...
-1	Beginian cara untuk bermimpi bertemu dengan Rasulullah Saw secepat mungkin.
-1	aku sudah punya malaikat rakib laki-laki dan atid perempuan indonesia
0	Ustadddd q punya suami stiap lebaran idul fitri q mau pulng kampung kumpul orang tua kumpul kluarga tidak diizinkan pulng kampung dengan alasan korona apakah q menjadi istri durhaka kalo q nekad pulng tnpa izin suamiku...apakah q harus nuruti suami nunggu orng tua mninggal baru dapat izin dari suami
0	Allahu Akbar ,Allahu Akbar
0	Assalamualaikum pak ustadz,,,,klau saya pingin bisa tik tok pk ustadz tp GK bisa-bisanya cmk ngjrin ank brsholwat doank,,,tp pingin kaya yg lain,,,
0	Maaf siapapun yg ada wa nya ustad Somad minta dong
0	Ganteng kali Tuan Guru
0	Alhamdulillah bisa ngajj
1	Pas mantap
0	Rumiyin /dahulu diberi bayar sbg rasa curahan doa pangestu ingkang sinuwun, sebulan rp 6665 kagem pangkat bekel anem,, ..barokah ipun panci ageng
0	Pa ustad setiap solat mau husu susah sekali gimana caranya
0	Hadir
0	Assalammualaikum yg dirumah jg. Dong ustaz
0	Mantab
0	Somad.
-1	belum pernah ntah apa apa bung yang penting kuliah kerja nyata riau
-1	tidak orang miskin dan tidak anak yatim piayu indonesia
-1	kenapa doanya gak sampai selesai, mlah dipotong
0	Alhamdulillaah.temanya bagus.tapi knapa pencramah sebagian ustad atao habeb.cramahnya mencacimaki.itu ulamak atao bukan
-1	pelan pelan asla kau bahagia riau
0	Rendah hati apa rendah diri ya?
0	Itu apa adaya kalo abdi dalem.nggak mengharapkn bayaran tulus pengabdian , cman sekarang emang wontn,, tapi itu bukan jadi tujuan utama beliau mengabdi...gihhh to ki roko
-1	malas doen nya penakut menjadi khatib shalat fardu jum'at
-1	Enak lu ya somat dpt bini baru umur 19 tahun ,keren sih
0	Assalamualaikum wrb. Utd sya.mau nanya . Saya jual tnah warisan. Untuk bli tnh f smpg rmh. Apakah sya hrs tnya ma istri. Klau ngasi mama saya. Trims utd.
-1	ukm ukmi bisa juga kokk bawa tongkat nabi musa as bukan cuma ukm pramuka upp
-1	Tapi Knapa kalah Pilpres kau marah2 terus...
0	UAS bilang bhw orang yg rendah hati dan merendahkan
-1	2,39 juta yg komen hanya brpa ratus aja kmna semua umat islam
-1	Saya tu sring di kata dukun krn seneng tosan aji,, sante
-1	Klo merendahkan orang lain agama lain negara lain?
0	Assalamu'alaikum nyimak
-1	Kan lebih bagus di doakn, dari pada tumpukan lembaran uang yg bayak tapi tak ada iringan doa nipun....mit sewu njihhh ..maaf bila kliru,, lancang nuwunnn
-1	ceo indonesia dan presiden facebook riau
0	Alhamdulilah tkaseh
0	bari kua kota pasir pengaraian dan syamza kua kota ujung batu
-1	sdm=sumber daya manusia riau ntah ngapo jelas semseter 12 reguler tak sopan
-1	Berbanding terbalik dengan apa yg di sampai kan
-1	kiamat dan malaikat peniup sangkakala bernama malaikat israfil negara indoneisa
-1	Klo jelek2in orang dan menghina .....boleh ga ?, dlm ceramah lagi....(ke Rina nose), judulnya mulia tp prakteknya ???
